,Player name,Team,Games,Minutes Played,Age,Field Goals,Field Goal Attempts,Points,Turnover,Assists,Offensive Rebounds,Defensive Rebounds,Total Rebounds,Steals,Freethrows,Freethrow Attempts,Blocks
0,Steven Adams,OKC,63,1680,26,283,478,684,94,146,207,376,583,51,117,201,67
1,Bam Adebayo,MIA,72,2417,22,440,790,1146,204,368,176,559,735,82,264,382,93
2,LaMarcus Aldridge,SAS,53,1754,34,391,793,1001,74,129,103,289,392,36,158,191,87
3,Kyle Alexander,MIA,2,13,23,1,2,2,1,0,2,1,3,0,0,0,0
4,Nickeil Alexander-Walker,NOP,47,591,21,98,266,267,54,89,9,75,84,17,25,37,8
5,Grayson Allen,MEM,38,718,24,117,251,330,33,52,8,77,85,10,39,45,2
6,Jarrett Allen,BRK,70,1852,21,302,465,775,77,110,216,455,671,40,171,270,92
7,Kadeem Allen,NYK,10,117,27,19,44,50,8,21,2,7,9,5,7,11,2
8,Al-Farouq Aminu,ORL,18,380,29,25,86,78,17,21,24,63,87,18,19,29,8
9,Justin Anderson,BRK,10,107,26,10,38,28,4,8,1,20,21,0,2,4,6
10,Kyle Anderson,MEM,67,1330,26,157,331,390,66,162,58,227,285,54,52,78,37
11,Ryan Anderson,HOU,2,14,31,2,7,5,1,2,0,7,7,1,0,0,0
12,Giannis Antetokounmpo,MIL,63,1917,25,685,1238,1857,230,354,140,716,856,61,398,629,66
13,Kostas Antetokounmpo,LAL,5,20,22,3,3,7,1,2,2,1,3,0,1,2,0
14,Thanasis Antetokounmpo,MIL,20,129,27,24,48,55,12,15,12,12,24,7,7,17,2
15,Carmelo Anthony,POR,58,1902,35,336,782,895,100,85,71,297,368,49,136,161,27
16,OG Anunoby,TOR,69,2066,22,286,566,733,79,108,80,284,364,96,72,102,45
17,Ryan Arcidiacono,CHI,58,930,25,90,220,261,37,96,20,90,110,27,27,38,3
18,Trevor Ariza,TOT,53,1493,34,142,324,423,56,91,34,212,246,69,62,74,15
19,Trevor Ariza,SAC,32,791,34,64,165,192,28,50,21,125,146,35,21,27,7
20,Trevor Ariza,POR,21,702,34,78,159,231,28,41,13,87,100,34,41,47,8
21,D.J. Augustin,ORL,57,1420,32,184,461,599,86,262,22,100,122,34,161,181,1
22,Deandre Ayton,PHO,38,1236,21,310,568,690,80,72,147,289,436,26,67,89,58
23,Dwayne Bacon,CHO,39,687,24,85,244,224,37,52,15,85,100,23,35,53,2
24,Marvin Bagley III,SAC,13,334,20,78,167,185,18,10,29,68,97,6,25,31,12
25,Lonzo Ball,NOP,63,2025,22,277,687,745,193,438,71,312,383,88,43,76,38
26,Mo Bamba,ORL,62,878,21,132,286,332,42,42,100,202,302,23,31,46,86
27,J.J. Barea,DAL,29,450,35,85,207,222,38,112,10,43,53,5,20,22,2
28,Harrison Barnes,SAC,72,2482,27,365,793,1046,88,159,77,278,355,43,214,267,12
29,RJ Barrett,NYK,56,1704,19,292,727,803,124,143,50,229,279,55,156,254,17
30,Will Barton,DEN,58,1916,29,332,738,874,88,212,76,289,365,61,102,133,29
31,Keita Bates-Diop,TOT,44,744,24,100,234,288,17,30,25,102,127,19,54,75,24
32,Keita Bates-Diop,MIN,37,646,24,87,206,251,14,30,21,89,110,17,46,65,20
33,Keita Bates-Diop,DEN,7,98,24,13,28,37,3,0,4,13,17,2,8,10,4
34,Nicolas Batum,CHO,22,505,31,28,81,79,22,66,25,75,100,17,9,10,8
35,Aron Baynes,PHO,42,934,33,183,381,481,50,67,71,166,237,10,56,75,23
36,Kent Bazemore,TOT,68,1688,30,200,534,597,91,93,27,267,294,74,113,147,40
37,Kent Bazemore,POR,43,1111,30,113,326,340,60,61,13,159,172,45,58,72,31
38,Kent Bazemore,SAC,25,577,30,87,208,257,31,32,14,108,122,29,55,75,9
39,Darius Bazley,OKC,61,1130,19,125,317,342,45,41,30,216,246,23,43,62,41
40,Bradley Beal,WAS,57,2053,26,593,1303,1741,194,347,52,190,242,71,385,457,23
41,Malik Beasley,TOT,55,1209,23,227,534,615,57,75,18,130,148,40,54,66,8
42,Malik Beasley,DEN,41,746,23,117,301,325,36,48,9,68,77,31,33,38,6
43,Malik Beasley,MIN,14,463,23,110,233,290,21,27,9,62,71,9,21,28,2
44,Marco Belinelli,SAS,57,883,33,123,314,361,19,69,7,92,99,12,48,58,1
45,Jordan Bell,TOT,29,256,25,35,67,93,21,16,30,51,81,3,19,31,10
46,Jordan Bell,MIN,27,235,25,32,60,83,18,14,28,50,78,2,17,29,10
47,Jordan Bell,MEM,2,21,25,3,7,10,3,2,2,1,3,1,2,2,0
48,DeAndre' Bembry,ATL,43,915,25,104,228,249,60,81,34,118,152,55,26,48,19
49,Dragan Bender,TOT,16,286,22,41,92,107,21,28,16,57,73,4,10,14,9
50,Dragan Bender,MIL,7,91,22,10,21,26,5,9,0,20,20,0,2,3,5
51,Dragan Bender,GSW,9,195,22,31,71,81,16,19,16,37,53,4,8,11,4
52,Dāvis Bertāns,WAS,54,1583,27,265,610,834,59,92,35,210,245,37,104,122,33
53,Patrick Beverley,LAC,51,1342,31,147,341,405,66,183,57,209,266,54,31,47,25
54,Khem Birch,ORL,48,922,27,73,143,212,31,50,91,129,220,20,66,101,23
55,Goga Bitadze,IND,54,471,20,70,150,172,28,23,25,81,106,10,24,33,37
56,Bismack Biyombo,CHO,53,1029,27,151,278,393,48,50,120,188,308,10,91,151,49
57,Nemanja Bjelica,SAC,72,2011,31,314,653,831,99,203,111,347,458,62,69,84,40
58,Eric Bledsoe,MIL,61,1646,30,334,703,911,148,328,43,239,282,57,169,214,26
59,Bogdan Bogdanović,SAC,61,1766,27,337,766,924,102,207,26,181,207,64,86,116,15
60,Bojan Bogdanović,UTA,63,2083,30,418,935,1275,159,131,39,220,259,34,250,277,7
61,Bol Bol,DEN,7,87,20,14,28,40,10,6,5,14,19,2,8,10,6
62,Jonah Bolden,TOT,7,47,24,4,11,10,2,0,3,6,9,3,2,4,2
63,Jonah Bolden,PHI,4,14,24,2,3,4,2,0,0,1,1,1,0,2,0
64,Jonah Bolden,PHO,3,33,24,2,8,6,0,0,3,5,8,2,2,2,2
65,Marques Bolden,CLE,1,3,21,0,0,0,0,0,0,2,2,1,0,0,0
66,Jordan Bone,DET,10,53,22,5,20,12,2,8,0,4,4,1,0,0,0
67,Isaac Bonga,WAS,66,1250,20,118,234,330,58,76,71,151,222,45,69,85,22
68,Devin Booker,PHO,70,2512,23,627,1283,1863,264,456,29,268,297,49,468,509,18
69,Chris Boucher,TOR,62,819,27,141,299,411,28,26,107,170,277,22,91,116,61
70,Brian Bowen,IND,6,31,21,3,10,6,1,0,1,6,7,0,0,0,1
71,Ky Bowman,GSW,45,1015,22,134,321,335,70,131,24,97,121,44,34,41,10
72,Avery Bradley,LAL,49,1186,29,170,383,423,47,63,18,97,115,43,20,24,5
73,Tony Bradley,UTA,58,663,22,126,189,285,30,23,111,156,267,14,30,46,33
74,Jarrell Brantley,UTA,9,96,23,10,28,24,7,11,2,18,20,3,1,2,5
75,Ignas Brazdeikis,NYK,9,53,21,6,22,17,2,4,2,3,5,0,4,5,1
76,Corey Brewer,SAC,5,33,33,2,4,5,2,2,2,6,8,4,1,3,0
77,Mikal Bridges,PHO,73,2042,23,247,484,667,73,129,66,226,292,102,103,122,46
78,Miles Bridges,CHO,65,1995,21,319,753,843,95,114,88,274,362,40,106,131,48
79,Oshae Brissett,TOR,19,135,21,13,36,37,7,7,9,17,26,4,8,10,1
80,Ryan Broekhoff,DAL,17,180,29,22,59,71,6,11,5,38,43,5,7,8,4
81,Malcolm Brogdon,IND,54,1666,27,326,744,893,131,381,46,216,262,35,166,186,10
82,Dillon Brooks,MEM,73,2112,24,435,1068,1181,124,150,68,175,243,63,164,203,27
83,Bruce Brown,DET,58,1634,23,198,447,517,100,230,61,213,274,63,88,119,29
84,Charlie Brown Jr.,ATL,10,40,22,6,19,20,3,2,2,2,4,2,5,5,2
85,Jaylen Brown,BOS,57,1934,23,427,887,1159,125,118,62,302,364,65,176,243,20
86,Moses Brown,POR,9,33,20,4,10,11,3,1,3,11,14,1,3,8,1
87,Sterling Brown,MIL,52,767,24,95,256,266,42,51,31,152,183,29,32,40,7
88,Troy Brown Jr.,WAS,69,1782,20,273,622,716,79,178,76,307,383,85,109,139,7
89,Jalen Brunson,DAL,57,1022,23,181,388,466,66,188,22,112,134,22,61,75,4
90,Thomas Bryant,WAS,46,1147,22,243,418,609,53,83,98,233,331,25,86,116,49
91,Reggie Bullock,NYK,29,684,28,90,224,234,19,42,13,55,68,25,17,21,3
92,Trey Burke,TOT,33,520,27,94,209,243,21,83,16,34,50,16,23,29,2
93,Trey Burke,PHI,25,329,27,59,127,147,12,53,15,20,35,7,13,18,1
94,Trey Burke,DAL,8,191,27,35,82,96,9,30,1,14,15,9,10,11,1
95,Alec Burks,TOT,66,1754,28,321,768,993,91,189,48,234,282,62,235,265,17
96,Alec Burks,GSW,48,1390,28,244,601,773,76,151,37,189,226,50,201,224,17
97,Alec Burks,PHI,18,364,28,77,167,220,15,38,11,45,56,12,34,41,0
98,Deonte Burton,OKC,39,356,26,43,125,104,19,17,7,50,57,7,8,14,10
99,Jimmy Butler,MIA,58,1959,30,345,758,1157,127,350,106,280,386,103,438,525,32
100,Bruno Caboclo,TOT,30,244,24,38,89,90,13,12,23,37,60,15,8,9,17
101,Bruno Caboclo,MEM,22,192,24,28,69,62,7,10,17,27,44,10,2,3,12
102,Bruno Caboclo,HOU,8,52,24,10,20,28,6,2,6,10,16,5,6,6,5
103,Devontae Cacok,LAL,1,9,23,3,6,6,0,1,2,3,5,0,0,0,0
104,Kentavious Caldwell-Pope,LAL,69,1762,26,237,507,645,62,111,38,104,142,57,79,102,14
105,Vlatko Čančar,DEN,14,45,22,6,15,17,3,3,5,5,10,1,4,4,1
106,Clint Capela,HOU,39,1279,25,244,388,543,63,48,168,369,537,33,55,104,72
107,DeMarre Carroll,TOT,24,290,33,25,66,87,17,25,12,43,55,8,29,42,5
108,DeMarre Carroll,SAS,15,135,33,9,29,33,10,11,7,24,31,2,12,20,2
109,DeMarre Carroll,HOU,9,155,33,16,37,54,7,14,5,19,24,6,17,22,3
110,Jevon Carter,PHO,58,945,24,101,243,287,32,84,30,88,118,47,23,27,17
111,Vince Carter,ATL,60,876,43,107,304,298,33,48,18,106,124,23,23,29,25
112,Wendell Carter Jr.,CHI,43,1256,20,183,343,484,72,51,139,266,405,33,112,152,36
113,Michael Carter-Williams,ORL,45,833,28,111,260,323,52,109,46,101,147,49,79,95,22
114,Alex Caruso,LAL,64,1175,25,120,291,349,53,124,17,106,123,70,69,94,18
115,Willie Cauley-Stein,TOT,54,1097,26,175,302,390,40,70,84,231,315,49,40,66,61
116,Willie Cauley-Stein,GSW,41,940,26,144,257,323,35,60,71,184,255,45,35,57,50
117,Willie Cauley-Stein,DAL,13,157,26,31,45,67,5,10,13,47,60,4,5,9,11
118,Tyson Chandler,HOU,26,219,37,14,18,34,8,6,25,41,66,6,6,13,8
119,Wilson Chandler,BRK,35,734,32,74,183,205,34,39,11,134,145,16,20,23,12
120,Joe Chealey,CHO,4,33,24,0,7,2,2,1,0,0,0,4,2,2,0
121,Zylan Cheatham,NOP,4,51,24,6,9,12,4,3,3,6,9,1,0,0,1
122,Chris Chiozza,TOT,28,401,24,55,140,142,32,83,9,44,53,21,5,5,4
123,Chris Chiozza,WAS,10,123,24,10,34,27,9,28,0,15,15,10,0,0,2
124,Chris Chiozza,BRK,18,278,24,45,106,115,23,55,9,29,38,11,5,5,2
125,Marquese Chriss,GSW,59,1196,22,210,385,548,78,114,114,251,365,39,120,156,62
126,Gary Clark,TOT,42,567,25,54,133,156,10,17,37,73,110,6,9,10,22
127,Gary Clark,HOU,18,212,25,23,59,70,2,12,11,29,40,2,6,7,7
128,Gary Clark,ORL,24,355,25,31,74,86,8,5,26,44,70,4,3,3,15
129,Brandon Clarke,MEM,58,1300,23,296,479,700,55,81,92,253,345,32,85,112,48
130,Jordan Clarkson,TOT,71,1705,27,394,867,1078,97,136,50,137,187,46,138,165,16
131,Jordan Clarkson,CLE,29,666,27,144,326,423,39,70,21,48,69,17,76,86,8
132,Jordan Clarkson,UTA,42,1039,27,250,541,655,58,66,29,89,118,29,62,79,8
133,Nic Claxton,BRK,15,187,20,27,48,66,9,16,19,25,44,1,11,21,8
134,Chris Clemons,HOU,33,291,22,57,142,161,19,27,4,26,30,9,10,11,6
135,Antonius Cleveland,DAL,11,46,25,4,14,11,2,1,2,5,7,1,3,5,3
136,Amir Coffey,LAC,18,159,22,23,54,58,8,14,4,12,16,5,6,11,2
137,John Collins,ATL,41,1363,22,353,605,885,75,60,116,300,416,31,120,150,66
138,Zach Collins,POR,11,290,22,32,68,77,14,16,25,44,69,5,6,8,5
139,Mike Conley,UTA,47,1363,32,232,567,675,92,208,33,118,151,36,115,139,5
140,Pat Connaughton,MIL,67,1243,27,137,301,360,52,107,60,224,284,25,31,40,31
141,Quinn Cook,LAL,44,508,26,91,214,224,33,49,11,40,51,12,11,14,2
142,Tyler Cook,TOT,13,54,22,8,12,23,3,1,6,8,14,3,7,8,0
143,Tyler Cook,CLE,11,35,22,7,10,19,1,1,4,6,10,1,5,6,0
144,Tyler Cook,DEN,2,19,22,1,2,4,2,0,2,2,4,2,2,2,0
145,Robert Covington,TOT,70,2137,29,305,723,870,103,88,63,400,463,115,99,124,93
146,Robert Covington,MIN,48,1411,29,216,496,615,73,56,36,251,287,80,75,94,45
147,Robert Covington,HOU,22,726,29,89,227,255,30,32,27,149,176,35,24,30,48
148,Allen Crabbe,TOT,37,653,27,63,177,172,17,33,11,66,77,15,10,14,4
149,Allen Crabbe,ATL,28,522,27,52,143,143,12,28,10,55,65,15,9,12,4
150,Allen Crabbe,MIN,9,131,27,11,34,29,5,5,1,11,12,0,1,2,0
151,Torrey Craig,DEN,58,1072,29,124,269,315,25,47,63,126,189,23,22,36,36
152,Jamal Crawford,BRK,1,6,39,2,4,5,0,3,0,0,0,0,0,0,0
153,Jae Crowder,TOT,65,1875,29,226,563,684,69,161,52,332,384,72,97,125,24
154,Jae Crowder,MEM,45,1322,29,147,399,447,54,125,40,237,277,47,75,95,14
155,Jae Crowder,MIA,20,553,29,79,164,237,15,36,12,95,107,25,22,30,10
156,Jarrett Culver,MIN,63,1506,20,230,569,580,81,110,70,142,212,57,54,117,38
157,Seth Curry,DAL,64,1576,29,284,574,793,62,124,27,118,145,38,80,97,9
158,Stephen Curry,GSW,5,139,31,33,82,104,16,33,4,22,26,5,26,26,2
159,Troy Daniels,TOT,47,532,28,72,186,200,12,17,12,40,52,11,10,16,3
160,Troy Daniels,LAL,41,456,28,62,158,174,9,14,12,34,46,8,10,16,3
161,Troy Daniels,DEN,6,76,28,10,28,26,3,3,0,6,6,3,0,0,0
162,Anthony Davis,LAL,62,2131,26,551,1096,1618,154,200,142,435,577,91,444,525,143
163,Ed Davis,UTA,28,303,30,22,46,51,13,12,35,70,105,11,7,14,9
164,Terence Davis,TOR,72,1209,22,199,436,543,76,115,50,187,237,39,51,59,14
165,Dewayne Dedmon,TOT,44,774,30,102,255,256,57,22,60,189,249,25,30,36,41
166,Dewayne Dedmon,SAC,34,541,30,69,171,175,47,15,46,121,167,15,23,28,26
167,Dewayne Dedmon,ATL,10,233,30,33,84,81,10,7,14,68,82,10,7,8,15
168,Matthew Dellavedova,CLE,57,821,29,62,175,177,59,180,18,57,75,20,32,37,2
169,DeMar DeRozan,SAS,68,2316,30,557,1049,1504,164,380,44,331,375,70,381,451,20
170,Cheick Diallo,PHO,47,479,23,92,142,219,32,22,30,101,131,11,34,39,12
171,Hamidou Diallo,OKC,46,896,21,132,296,318,51,36,44,123,167,37,38,63,9
172,Gorgui Dieng,TOT,63,1096,30,166,364,464,60,73,91,263,354,51,78,101,59
173,Gorgui Dieng,MIN,46,778,30,124,277,341,44,58,73,183,256,37,47,59,42
174,Gorgui Dieng,MEM,17,318,30,42,87,123,16,15,18,80,98,14,31,42,17
175,Spencer Dinwiddie,BRK,64,1994,26,424,1021,1318,174,432,32,189,221,40,347,446,21
176,Donte DiVincenzo,MIL,66,1520,23,232,510,610,90,154,66,252,318,85,63,86,20
177,Luka Dončić,DAL,61,2047,20,581,1255,1759,260,538,78,495,573,62,426,562,14
178,Luguentz Dort,OKC,36,820,20,86,218,244,22,27,24,57,81,31,42,53,4
179,Damyean Dotson,NYK,48,836,25,120,290,321,21,57,10,81,91,23,22,33,4
180,Sekou Doumbouya,DET,38,754,19,92,236,243,35,19,20,98,118,20,31,46,8
181,PJ Dozier,DEN,29,412,23,65,157,168,27,63,10,45,55,14,21,29,6
182,Goran Dragić,MIA,59,1663,33,319,724,953,144,301,29,158,187,40,191,246,10
183,Andre Drummond,TOT,57,1879,26,418,784,1010,203,152,250,614,864,109,169,294,93
184,Andre Drummond,DET,49,1654,26,360,679,870,174,138,226,549,775,97,149,255,82
185,Andre Drummond,CLE,8,225,26,58,105,140,29,14,24,65,89,12,20,39,11
186,Jared Dudley,LAL,45,364,34,24,60,68,8,28,6,46,52,15,2,2,3
187,Kris Dunn,CHI,51,1269,25,152,342,373,68,173,23,163,186,101,40,54,17
188,Carsen Edwards,BOS,37,351,21,42,128,121,15,24,6,41,47,12,13,19,4
189,Henry Ellenson,BRK,5,15,23,1,7,2,0,1,2,4,6,0,0,0,0
190,Wayne Ellington,NYK,36,558,32,61,174,183,18,44,4,61,65,13,11,13,4
191,Joel Embiid,PHI,51,1506,25,382,801,1172,159,152,141,452,593,45,351,435,65
192,James Ennis III,TOT,69,1265,29,160,359,454,58,63,71,174,245,35,79,98,22
193,James Ennis III,PHI,49,776,29,100,226,285,31,41,48,102,150,23,48,61,14
194,James Ennis III,ORL,20,489,29,60,133,169,27,22,23,72,95,12,31,37,8
195,Drew Eubanks,SAS,22,272,22,43,67,107,21,15,28,57,85,5,20,26,17
196,Jacob Evans,TOT,29,418,22,45,134,128,25,31,9,32,41,11,25,29,12
197,Jacob Evans,GSW,27,414,22,45,133,128,25,31,9,32,41,11,25,29,12
198,Jacob Evans,MIN,2,4,22,0,1,0,0,0,0,0,0,0,0,0,0
199,Dante Exum,TOT,35,485,24,56,119,159,31,40,12,55,67,13,32,43,8
200,Dante Exum,UTA,11,83,24,10,23,24,10,7,3,9,12,1,2,2,2
201,Dante Exum,CLE,24,402,24,46,96,135,21,33,9,46,55,12,30,41,6
202,Tacko Fall,BOS,7,33,24,11,14,23,3,1,1,14,15,1,1,3,4
203,Derrick Favors,NOP,51,1243,28,209,339,459,55,81,163,338,501,30,40,71,46
204,Cristiano Felício,CHI,22,386,27,34,54,86,18,16,55,47,102,10,18,23,2
205,Terrance Ferguson,OKC,56,1257,21,78,220,220,31,51,23,51,74,27,15,20,17
206,Bruno Fernando,ATL,56,713,21,103,199,240,42,49,67,131,198,18,29,51,17
207,Yogi Ferrell,SAC,50,530,26,79,188,218,28,69,6,43,49,18,36,42,4
208,Dorian Finney-Smith,DAL,71,2120,26,243,522,678,69,114,145,260,405,45,78,108,39
209,Bryn Forbes,SAS,63,1579,26,242,581,707,57,108,12,114,126,33,75,90,0
210,Evan Fournier,ORL,66,2076,27,434,929,1221,125,209,18,153,171,71,180,220,15
211,De'Aaron Fox,SAC,51,1634,22,391,815,1077,158,348,35,161,196,74,241,342,25
212,Melvin Frazier,ORL,19,126,23,15,34,40,5,3,2,8,10,9,2,4,2
213,Michael Frazier,HOU,13,145,25,7,29,27,5,2,1,9,10,2,9,14,0
214,Tim Frazier,DET,27,355,29,34,94,97,36,93,9,24,33,14,19,24,4
215,Enes Freedom,BOS,58,983,27,199,348,469,56,56,163,268,431,22,70,99,41
216,Markelle Fultz,ORL,72,1996,21,359,772,870,147,369,41,197,238,90,116,159,11
217,Wenyen Gabriel,TOT,30,235,22,21,48,63,16,8,21,31,52,11,15,22,7
218,Wenyen Gabriel,SAC,11,61,22,6,17,19,5,3,4,6,10,3,6,10,2
219,Wenyen Gabriel,POR,19,174,22,15,31,44,11,5,17,25,42,8,9,12,5
220,Daniel Gafford,CHI,43,609,21,94,134,220,29,21,52,54,106,13,32,60,56
221,Danilo Gallinari,OKC,62,1834,31,358,817,1160,76,119,34,288,322,42,266,298,5
222,Langston Galloway,DET,66,1702,28,236,542,677,40,101,33,116,149,48,73,85,11
223,Darius Garland,CLE,59,1824,20,280,699,728,151,229,27,84,111,42,63,72,4
224,Marc Gasol,TOR,44,1161,35,119,279,331,59,147,31,244,275,34,36,49,38
225,Rudy Gay,SAS,67,1461,33,266,596,726,88,114,61,301,362,35,120,136,33
226,Paul George,LAC,48,1419,29,343,782,1033,125,185,24,248,272,68,190,217,20
227,Taj Gibson,NYK,62,1025,34,167,286,379,47,52,111,156,267,27,41,56,30
228,Harry Giles,SAC,46,667,21,139,251,316,44,60,43,145,188,22,38,49,18
229,Shai Gilgeous-Alexander,OKC,70,2428,21,478,1015,1331,134,232,47,365,412,79,288,357,47
230,Rudy Gobert,UTA,68,2333,27,386,557,1026,130,101,230,686,916,51,254,403,135
231,Brandon Goodwin,ATL,34,430,24,76,190,206,29,51,11,61,72,12,28,30,4
232,Aaron Gordon,ORL,62,2017,24,335,767,894,100,228,107,368,475,51,151,224,39
233,Eric Gordon,HOU,36,1016,31,171,463,520,43,54,9,62,71,23,82,107,13
234,Devonte' Graham,CHO,63,2211,24,368,963,1145,181,471,42,170,212,62,191,233,15
235,Treveon Graham,TOT,55,929,26,87,242,243,29,45,51,99,150,24,36,56,6
236,Treveon Graham,MIN,33,663,26,62,175,171,19,30,29,71,100,17,27,37,2
237,Treveon Graham,ATL,22,266,26,25,67,72,10,15,22,28,50,7,9,19,4
238,Jerami Grant,DEN,71,1892,25,303,634,851,63,88,58,190,248,50,147,196,57
239,Jerian Grant,WAS,6,80,27,10,27,27,3,9,2,4,6,1,5,7,1
240,Josh Gray,NOP,2,23,26,1,2,2,5,2,1,1,2,0,0,0,0
241,Danny Green,LAL,68,1687,32,197,474,547,63,91,51,174,225,85,33,48,32
242,Draymond Green,GSW,43,1222,29,123,316,345,98,266,23,243,266,59,63,83,33
243,JaMychal Green,LAC,63,1307,29,151,352,430,54,49,77,311,388,29,36,48,24
244,Javonte Green,BOS,48,468,26,63,126,163,23,26,24,69,93,24,28,42,8
245,Jeff Green,TOT,48,960,33,159,344,453,42,50,24,109,133,26,73,91,19
246,Jeff Green,UTA,30,553,33,75,195,233,27,20,14,67,81,12,49,63,10
247,Jeff Green,HOU,18,407,33,84,149,220,15,30,10,42,52,14,24,28,9
248,Blake Griffin,DET,18,512,30,88,250,279,40,59,17,67,84,7,76,98,7
249,Marko Guduric,MEM,44,484,24,62,157,173,36,45,14,59,73,12,24,26,8
250,Kyle Guy,SAC,3,10,22,2,5,4,0,1,0,1,1,0,0,0,0
251,Rui Hachimura,WAS,48,1444,21,254,545,649,53,87,78,216,294,37,116,140,8
252,Devon Hall,OKC,11,81,24,6,30,20,5,13,2,5,7,4,4,8,1
253,Donta Hall,TOT,9,133,22,15,22,39,5,4,14,24,38,3,9,18,6
254,Donta Hall,DET,4,48,22,1,4,6,2,2,6,9,15,1,4,6,1
255,Donta Hall,BRK,5,85,22,14,18,33,3,2,8,15,23,2,5,12,5
256,Dusty Hannahs,MEM,2,13,26,4,9,12,0,0,0,1,1,0,2,2,0
257,Tim Hardaway Jr.,DAL,71,2091,27,384,884,1121,69,137,25,207,232,41,149,182,5
258,James Harden,HOU,68,2483,30,672,1514,2335,308,512,70,376,446,125,692,800,60
259,Maurice Harkless,TOT,62,1427,26,142,283,357,53,68,55,185,240,58,39,66,33
260,Maurice Harkless,LAC,50,1141,26,112,217,275,46,48,47,153,200,49,24,42,30
261,Maurice Harkless,NYK,12,286,26,30,66,82,7,20,8,32,40,9,15,24,3
262,Jared Harper,PHO,3,8,22,1,4,2,0,0,0,0,0,0,0,0,0
263,Montrezl Harrell,LAC,63,1749,26,471,812,1173,108,107,163,282,445,39,231,351,72
264,Gary Harris,DEN,56,1780,25,218,519,581,60,118,26,137,163,76,75,92,14
265,Joe Harris,BRK,69,2123,28,381,784,998,104,144,64,234,298,41,64,89,17
266,Tobias Harris,PHI,72,2469,27,553,1173,1411,104,227,69,426,495,53,174,216,40
267,Shaquille Harrison,CHI,43,484,26,77,165,209,19,49,22,64,86,34,39,50,19
268,Josh Hart,NOP,65,1755,24,225,532,656,75,108,61,364,425,63,85,115,23
269,Isaiah Hartenstein,HOU,23,266,21,44,67,107,16,18,29,61,90,9,19,28,12
270,Udonis Haslem,MIA,4,44,39,4,11,12,1,1,1,15,16,0,3,4,0
271,Jaxson Hayes,NOP,64,1080,19,174,259,472,53,56,97,162,259,26,123,190,55
272,Gordon Hayward,BOS,52,1740,29,350,700,909,96,212,55,293,348,38,124,145,22
273,John Henson,TOT,40,600,29,95,171,221,36,54,46,116,162,24,23,46,42
274,John Henson,CLE,29,412,29,61,120,145,21,43,32,82,114,16,17,33,32
275,John Henson,DET,11,188,29,34,51,76,15,11,14,34,48,8,6,13,10
276,Dewan Hernandez,TOR,6,28,23,5,14,14,3,3,5,9,14,1,3,5,0
277,Juancho Hernangómez,TOT,48,833,24,100,247,288,32,40,43,154,197,19,44,71,9
278,Juancho Hernangómez,DEN,34,422,24,38,110,107,18,22,24,71,95,5,16,25,5
279,Juancho Hernangómez,MIN,14,411,24,62,137,181,14,18,19,83,102,14,28,46,4
280,Willy Hernangómez,CHO,31,375,25,74,139,190,30,29,43,91,134,10,37,59,7
281,Tyler Herro,MIA,55,1508,20,270,631,743,87,121,16,208,224,34,87,100,9
282,Kevin Hervey,OKC,10,52,23,7,27,17,0,5,1,11,12,1,0,0,1
283,Mario Hezonja,POR,53,871,24,92,218,256,42,50,30,154,184,36,48,59,9
284,Buddy Hield,SAC,72,2216,27,498,1162,1382,168,213,57,271,328,66,115,136,17
285,George Hill,MIL,59,1271,33,194,376,554,57,180,50,127,177,47,85,101,5
286,Solomon Hill,TOT,59,1088,28,110,278,323,51,104,29,136,165,43,40,54,12
287,Solomon Hill,MEM,48,901,28,96,233,274,40,94,24,120,144,31,26,38,7
288,Solomon Hill,MIA,11,187,28,14,45,49,11,10,5,16,21,12,14,16,5
289,Jaylen Hoard,POR,13,103,20,15,32,38,4,4,14,18,32,5,8,13,0
290,Aaron Holiday,IND,66,1617,23,233,563,627,88,225,22,134,156,55,74,87,16
291,Jrue Holiday,NOP,61,2117,29,458,1006,1167,184,408,77,216,293,99,129,182,48
292,Justin Holiday,IND,73,1826,30,208,486,603,44,93,32,206,238,87,53,67,46
293,Rondae Hollis-Jefferson,TOR,60,1122,25,155,329,418,59,106,110,173,283,46,105,143,23
294,Richaun Holmes,SAC,44,1242,26,223,344,539,52,42,127,231,358,41,93,118,56
295,Rodney Hood,POR,21,619,27,87,172,230,19,32,10,62,72,17,21,27,4
296,Al Horford,PHI,67,2025,33,319,709,798,80,270,103,353,456,52,61,80,61
297,Talen Horton-Tucker,LAL,6,81,19,14,30,34,6,6,2,5,7,8,2,4,1
298,Danuel House Jr.,HOU,63,1913,26,230,539,662,54,85,57,210,267,67,73,90,34
299,Dwight Howard,LAL,69,1306,34,202,277,517,84,45,172,335,507,31,110,214,79
300,William Howard,HOU,2,13,26,0,4,0,1,1,0,2,2,0,0,0,0
301,Kevin Huerter,ATL,56,1760,21,252,610,684,87,213,35,193,228,51,53,64,27
302,De'Andre Hunter,ATL,63,2018,22,280,683,778,103,112,44,242,286,44,110,144,18
303,Chandler Hutchison,CHI,28,527,23,80,175,218,27,26,18,90,108,27,46,78,7
304,Serge Ibaka,TOR,55,1485,30,343,670,845,109,77,114,338,452,28,89,124,46
305,Andre Iguodala,MIA,21,418,36,38,88,96,26,51,17,61,78,14,6,15,21
306,Ersan İlyasova,MIL,63,986,32,146,313,414,34,49,62,240,302,24,72,87,17
307,Joe Ingles,UTA,72,2137,32,246,553,707,142,373,27,251,278,65,74,94,11
308,Brandon Ingram,NOP,62,2104,22,507,1096,1477,189,259,51,329,380,61,313,368,38
309,Kyrie Irving,BRK,20,658,27,199,416,548,52,128,22,81,103,27,94,102,10
310,Jonathan Isaac,ORL,34,980,22,156,332,404,49,48,58,173,231,53,60,77,78
311,Wes Iwundu,ORL,52,953,25,97,233,300,26,60,24,107,131,25,78,97,13
312,Frank Jackson,NOP,59,797,21,134,331,371,49,61,22,61,83,17,56,75,4
313,Jaren Jackson Jr.,MEM,57,1622,20,353,753,990,99,78,55,207,262,40,139,186,92
314,Josh Jackson,MEM,22,381,22,70,159,198,28,35,11,55,66,18,35,50,9
315,Justin Jackson,DAL,65,1045,24,135,341,360,14,52,27,127,154,15,42,50,10
316,Reggie Jackson,TOT,31,743,29,134,326,370,51,126,17,75,92,13,45,54,5
317,Reggie Jackson,DET,14,381,29,76,198,209,23,72,11,30,41,8,26,33,1
318,Reggie Jackson,LAC,17,362,29,58,128,161,28,54,6,45,51,5,19,21,4
319,Justin James,SAC,36,232,23,35,84,89,8,18,6,26,32,6,10,21,9
320,LeBron James,LAL,67,2316,35,643,1303,1698,261,684,66,459,525,78,264,381,36
321,Amile Jefferson,ORL,18,74,26,5,14,15,3,4,10,13,23,1,5,14,3
322,DaQuan Jeffries,SAC,13,141,22,20,40,50,2,7,3,15,18,4,5,6,1
323,Ty Jerome,PHO,31,328,22,38,113,102,18,44,7,39,46,15,12,16,3
324,Alize Johnson,IND,17,118,23,12,29,34,7,7,16,32,48,3,7,10,2
325,B.J. Johnson,ORL,10,83,24,9,32,30,6,3,3,12,15,3,9,10,0
326,Cameron Johnson,PHO,57,1255,23,176,405,504,32,69,49,138,187,36,46,57,20
327,James Johnson,TOT,32,619,32,103,215,270,48,74,25,93,118,25,31,48,32
328,James Johnson,MIA,18,281,32,39,87,102,15,21,8,44,52,6,8,14,13
329,James Johnson,MIN,14,338,32,64,128,168,33,53,17,49,66,19,23,34,19
330,Keldon Johnson,SAS,17,301,20,53,89,154,13,15,10,47,57,14,35,44,2
331,Stanley Johnson,TOR,25,150,23,22,59,60,15,20,7,30,37,6,9,16,4
332,Tyler Johnson,TOT,39,709,27,97,250,274,29,74,18,58,76,16,42,50,9
333,Tyler Johnson,PHO,31,515,27,65,171,178,24,50,10,42,52,12,24,32,8
334,Tyler Johnson,BRK,8,194,27,32,79,96,5,24,8,16,24,4,18,18,1
335,Nikola Jokić,DEN,73,2336,24,565,1071,1456,226,512,166,545,711,85,246,301,44
336,Damian Jones,ATL,55,887,24,121,178,306,28,35,74,132,206,26,62,84,40
337,Derrick Jones Jr.,MIA,59,1375,22,184,349,500,30,62,66,167,233,58,95,123,38
338,Tyus Jones,MEM,65,1232,23,197,429,484,55,285,9,94,103,59,43,58,6
339,DeAndre Jordan,BRK,56,1234,31,191,287,465,74,105,141,420,561,18,83,122,52
340,Cory Joseph,SAC,72,1759,28,171,412,458,80,251,44,144,188,53,60,70,21
341,Mfiondu Kabengele,LAC,12,64,22,14,32,42,2,2,1,10,11,2,5,5,2
342,Frank Kaminsky,PHO,39,777,26,138,307,378,37,75,35,141,176,14,61,90,10
343,Luke Kennard,DET,28,922,23,151,342,442,43,115,9,89,98,12,67,75,6
344,Stanton Kidd,UTA,4,15,27,0,3,0,2,1,0,3,3,0,0,0,0
345,Michael Kidd-Gilchrist,TOT,25,281,26,22,66,60,16,14,14,53,67,2,11,14,6
346,Michael Kidd-Gilchrist,CHO,12,160,26,18,53,48,7,10,9,26,35,0,7,9,3
347,Michael Kidd-Gilchrist,DAL,13,121,26,4,13,12,9,4,5,27,32,2,4,5,3
348,Louis King,DET,10,62,20,8,21,20,2,5,1,9,10,2,0,3,0
349,Maxi Kleber,DAL,74,1890,28,237,514,672,58,88,112,276,388,25,79,93,83
350,Brandon Knight,TOT,25,462,28,59,167,183,38,69,4,37,41,10,20,34,3
351,Brandon Knight,CLE,16,241,28,28,86,79,16,31,3,17,20,5,4,13,2
352,Brandon Knight,DET,9,221,28,31,81,104,22,38,1,20,21,5,16,21,1
353,Kevin Knox,NYK,65,1166,20,144,401,419,45,61,28,156,184,23,66,101,28
354,John Konchar,MEM,19,181,23,24,37,54,7,22,18,29,47,7,1,2,3
355,Furkan Korkmaz,PHI,72,1559,22,242,563,704,59,79,18,150,168,41,77,102,16
356,Luke Kornet,CHI,36,559,24,82,187,215,14,32,22,62,84,11,20,28,26
357,Kyle Korver,MIL,58,960,38,126,293,386,48,68,15,107,122,26,35,41,12
358,Rodions Kurucs,BRK,47,684,21,79,177,215,46,51,25,112,137,25,24,38,5
359,Kyle Kuzma,LAL,61,1526,24,291,668,782,91,80,52,221,273,28,114,155,26
360,Skal Labissière,POR,33,567,23,81,147,190,30,42,65,104,169,7,25,33,31
361,Jeremy Lamb,IND,46,1291,27,216,479,577,50,96,24,176,200,55,92,110,22
362,Romeo Langford,BOS,32,370,20,28,80,79,11,13,15,26,41,8,18,25,8
363,Zach LaVine,CHI,60,2085,24,539,1199,1530,206,254,41,248,289,88,268,334,28
364,Vic Law,ORL,8,62,24,6,18,15,2,3,2,9,11,2,2,6,0
365,Jake Layman,MIN,23,505,25,81,179,210,24,15,17,40,57,17,24,32,10
366,T.J. Leaf,IND,28,222,22,36,86,84,8,9,23,48,71,10,7,16,4
367,Jalen Lecque,PHO,5,32,19,4,10,10,2,2,0,2,2,0,2,2,0
368,Courtney Lee,DAL,24,345,34,40,82,107,11,12,7,25,32,18,6,7,6
369,Damion Lee,GSW,49,1423,27,213,511,621,67,133,32,207,239,50,110,126,6
370,Alex Len,TOT,55,970,26,177,319,438,55,50,100,221,321,23,68,105,48
371,Alex Len,ATL,40,745,26,142,260,349,39,42,69,161,230,20,51,81,33
372,Alex Len,SAC,15,225,26,35,59,89,16,8,31,60,91,3,17,24,15
373,Kawhi Leonard,LAC,57,1848,28,532,1133,1543,149,280,54,348,402,103,356,402,33
374,Meyers Leonard,MIA,51,1034,27,119,234,309,39,55,30,230,260,14,18,28,15
375,Caris LeVert,BRK,45,1330,25,311,732,842,118,199,49,140,189,53,140,197,10
376,Damian Lillard,POR,66,2474,29,624,1349,1978,194,530,33,251,284,70,460,518,22
377,Nassir Little,POR,48,573,19,65,151,172,15,22,31,77,108,13,28,44,14
378,Kevon Looney,GSW,20,262,23,29,79,68,12,20,28,38,66,12,9,12,6
379,Brook Lopez,MIL,68,1817,31,292,671,813,70,99,58,254,312,46,127,152,163
380,Robin Lopez,MIL,66,958,31,147,299,357,63,45,56,105,161,10,28,53,45
381,Kevin Love,CLE,56,1780,31,327,727,987,140,178,54,493,547,33,187,219,19
382,Kyle Lowry,TOR,58,2098,33,334,803,1126,178,433,32,260,292,82,294,343,26
383,Timothé Luwawu-Cabarrot,BRK,47,853,24,117,269,365,37,29,29,98,127,18,69,81,7
384,Trey Lyles,SAS,63,1271,24,153,343,404,39,69,71,290,361,28,33,45,28
385,Daryl Macon,MIA,4,14,24,1,3,3,2,1,0,0,0,0,0,0,0
386,J.P. Macura,CLE,1,1,24,0,0,0,0,0,0,0,0,0,0,0,0
387,Josh Magette,ORL,8,38,30,5,15,12,5,5,1,5,6,3,1,2,1
388,Ian Mahinmi,WAS,38,808,33,104,210,283,45,49,78,140,218,31,70,113,44
389,Thon Maker,DET,60,776,22,93,193,281,45,43,54,113,167,25,73,110,39
390,Terance Mann,LAC,41,362,23,37,79,99,18,53,10,45,55,11,18,27,5
391,Boban Marjanović,DAL,44,422,31,121,211,289,30,20,66,131,197,8,43,57,10
392,Lauri Markkanen,CHI,50,1492,22,251,591,737,81,74,60,253,313,42,126,153,23
393,Caleb Martin,CHO,18,317,24,37,84,111,15,23,10,28,38,12,17,21,7
394,Cody Martin,CHO,48,903,24,89,207,238,44,95,38,120,158,39,42,65,9
395,Jeremiah Martin,BRK,9,99,23,24,53,64,4,18,1,9,10,7,11,14,2
396,Kelan Martin,MIN,31,495,24,71,181,197,20,23,12,84,96,7,30,31,9
397,Frank Mason III,MIL,9,118,25,23,51,62,11,29,5,14,19,5,10,17,1
398,Garrison Mathews,WAS,18,227,23,24,56,98,8,10,6,18,24,8,31,34,1
399,Wesley Matthews,MIL,67,1635,33,167,422,494,43,92,22,144,166,38,52,68,9
400,Luc Mbah a Moute,HOU,3,25,33,2,5,5,1,0,1,1,2,2,1,2,0
401,Patrick McCaw,TOR,37,908,24,67,162,170,29,79,19,67,86,39,13,18,4
402,CJ McCollum,POR,70,2556,28,611,1356,1556,127,310,46,251,297,54,140,185,42
403,T.J. McConnell,IND,71,1326,27,212,411,464,100,355,38,151,189,56,35,42,11
404,Jalen McDaniels,CHO,16,293,22,33,70,89,11,13,15,50,65,8,14,17,3
405,Doug McDermott,IND,69,1372,28,267,547,710,42,78,26,148,174,12,48,58,5
406,JaVale McGee,LAL,68,1130,32,195,306,446,55,37,125,265,390,36,53,82,94
407,Rodney McGruder,LAC,56,871,28,72,181,187,24,36,29,122,151,26,19,34,8
408,Alfonzo McKinnie,CLE,40,593,27,73,171,182,26,14,37,76,113,23,22,31,8
409,Jordan McLaughlin,MIN,30,590,23,87,178,229,31,125,7,42,49,34,26,39,4
410,Ben McLemore,HOU,71,1619,26,242,545,715,50,58,21,136,157,45,50,67,16
411,Jordan McRae,TOT,37,784,28,149,366,426,43,93,18,106,124,21,83,109,16
412,Jordan McRae,WAS,29,654,28,133,317,370,38,82,17,87,104,19,64,83,15
413,Jordan McRae,DEN,4,32,28,2,6,9,0,4,1,4,5,2,3,4,1
414,Jordan McRae,DET,4,98,28,14,43,47,5,7,0,15,15,0,16,22,0
415,Nicolò Melli,NOP,60,1042,29,136,323,395,46,82,38,142,180,34,54,73,23
416,De'Anthony Melton,MEM,60,1167,21,161,401,455,84,175,43,177,220,77,93,121,20
417,Chimezie Metu,SAS,18,105,22,24,42,58,10,10,12,21,33,3,10,13,6
418,Khris Middleton,MIL,62,1853,28,471,947,1297,137,265,44,338,382,53,208,227,7
419,Eric Mika,SAC,1,19,25,2,3,6,0,0,2,5,7,0,2,2,0
420,C.J. Miles,WAS,10,161,32,19,59,64,4,12,4,8,12,10,15,20,4
421,Malcolm Miller,TOR,28,162,26,12,29,35,4,11,2,14,16,5,3,8,2
422,Patty Mills,SAS,66,1485,31,258,598,767,54,118,22,86,108,53,97,112,6
423,Paul Millsap,DEN,51,1240,34,211,438,591,70,83,98,195,293,44,115,141,30
424,Shake Milton,PHI,40,805,23,134,277,377,47,104,15,73,88,20,51,65,7
425,Donovan Mitchell,UTA,69,2364,23,602,1342,1655,184,294,53,251,304,70,278,322,14
426,Naz Mitrou-Long,IND,5,47,26,6,17,14,3,8,0,7,7,1,0,0,1
427,Adam Mokoka,CHI,11,112,21,12,28,32,2,4,7,3,10,4,2,4,0
428,Malik Monk,CHO,55,1169,21,212,488,564,77,114,27,130,157,25,82,100,16
429,Matt Mooney,CLE,4,19,22,1,4,2,0,1,0,3,3,2,0,0,1
430,E'Twaun Moore,NOP,56,1020,30,186,437,466,40,78,31,100,131,32,31,45,11
431,Ja Morant,MEM,67,2074,20,447,937,1193,220,488,51,208,259,58,239,308,18
432,Juwan Morgan,UTA,21,134,22,15,26,36,6,6,10,19,29,1,3,4,2
433,Marcus Morris,TOT,62,1936,30,355,810,1033,97,86,59,252,311,47,181,220,30
434,Marcus Morris,NYK,43,1387,30,281,636,841,73,59,48,185,233,34,163,198,17
435,Marcus Morris,LAC,19,549,30,74,174,192,24,27,11,67,78,13,18,22,13
436,Markieff Morris,TOT,58,1187,30,203,458,560,76,77,40,178,218,31,66,85,17
437,Markieff Morris,DET,44,988,30,175,389,486,70,69,24,149,173,26,61,79,11
438,Markieff Morris,LAL,14,199,30,28,69,74,6,8,16,29,45,5,5,6,6
439,Monte Morris,DEN,73,1636,24,260,566,660,53,255,24,113,137,55,75,89,17
440,Johnathan Motley,LAC,13,41,24,11,15,28,5,8,3,7,10,3,5,7,0
441,Emmanuel Mudiay,UTA,54,850,23,151,327,395,76,116,18,108,126,24,63,83,10
442,Mychal Mulder,GSW,7,204,25,26,67,77,5,8,3,20,23,2,9,12,1
443,Dejounte Murray,SAS,66,1687,23,294,637,720,125,271,69,314,383,111,91,114,17
444,Jamal Murray,DEN,59,1904,22,408,894,1091,127,284,45,191,236,67,163,185,17
445,Džanan Musa,BRK,40,487,20,64,172,192,36,43,21,65,86,15,45,60,1
446,Mike Muscala,OKC,47,572,28,77,189,226,17,40,16,92,108,9,18,22,12
447,Svi Mykhailiuk,DET,56,1265,22,166,405,504,61,106,17,87,104,41,57,70,4
448,Abdel Nader,OKC,55,867,26,123,263,345,43,38,14,86,100,23,51,66,20
449,Larry Nance Jr.,CLE,56,1472,27,229,431,564,60,123,106,303,409,56,50,74,22
450,Shabazz Napier,TOT,56,1344,28,188,456,578,128,262,26,132,158,69,126,153,11
451,Shabazz Napier,MIN,36,856,28,114,283,347,76,187,17,93,110,40,72,88,7
452,Shabazz Napier,WAS,20,488,28,74,173,231,52,75,9,39,48,29,54,65,4
453,Raul Neto,PHI,54,668,27,101,222,275,47,95,11,50,61,24,39,47,6
454,Malik Newman,CLE,1,4,22,0,2,2,1,0,0,0,0,0,2,2,0
455,Georges Niang,UTA,66,923,26,141,322,392,30,44,15,112,127,18,20,24,5
456,Joakim Noah,LAC,5,50,34,4,8,14,6,7,5,11,16,1,6,8,1
457,Nerlens Noel,OKC,61,1127,25,184,269,449,66,57,91,209,300,59,80,106,91
458,Zach Norvell,TOT,5,41,22,3,12,10,3,3,0,6,6,2,1,1,0
459,Zach Norvell,LAL,2,5,22,0,1,0,0,0,0,1,1,0,0,0,0
460,Zach Norvell,GSW,3,36,22,3,11,10,3,3,0,5,5,2,1,1,0
461,Jaylen Nowell,MIN,15,151,20,19,53,57,3,19,3,10,13,3,16,17,1
462,Frank Ntilikina,NYK,57,1187,21,131,333,357,71,172,23,98,121,54,51,59,16
463,Kendrick Nunn,MIA,67,1962,24,401,914,1024,114,220,21,159,180,56,85,100,15
464,Jusuf Nurkić,POR,8,253,25,54,109,141,19,32,23,59,82,11,31,35,16
465,David Nwaba,BRK,20,268,27,37,71,104,8,8,8,37,45,11,18,27,12
466,Royce O'Neale,UTA,71,2049,26,158,365,450,61,180,27,362,389,59,42,55,32
467,Kyle O'Quinn,PHI,29,313,29,42,85,102,20,51,34,82,116,7,11,20,24
468,Semi Ojeleye,BOS,69,1011,25,80,196,236,19,37,26,119,145,21,28,32,5
469,Jahlil Okafor,NOP,30,467,24,101,162,243,38,37,48,79,127,7,40,62,22
470,Elie Okobo,PHO,55,719,22,72,181,219,38,115,16,74,90,24,50,71,4
471,Josh Okogie,MIN,62,1547,21,170,398,533,87,99,87,181,268,68,152,191,26
472,KZ Okpala,MIA,5,26,20,3,5,7,1,1,1,4,5,2,1,2,1
473,Victor Oladipo,IND,19,528,27,97,246,275,47,56,9,66,75,17,48,59,4
474,Kelly Olynyk,MIA,67,1300,28,184,398,549,71,116,44,261,305,45,86,100,23
475,Miye Oni,UTA,10,109,22,12,32,35,4,4,5,12,17,4,4,5,2
476,Cedi Osman,CLE,65,1910,24,266,609,718,91,154,39,192,231,54,63,94,16
477,Kelly Oubre Jr.,PHO,56,1933,24,373,826,1046,83,85,67,294,361,71,192,246,40
478,Tariq Owens,PHO,3,15,24,1,5,4,0,0,2,1,3,1,2,2,0
479,Jeremy Pargo,GSW,3,44,33,11,22,25,4,8,1,2,3,1,0,1,0
480,Jabari Parker,TOT,38,917,24,219,429,531,64,68,61,153,214,45,61,81,16
481,Jabari Parker,ATL,32,837,24,198,393,480,60,58,54,137,191,42,53,72,15
482,Jabari Parker,SAC,6,80,24,21,36,51,4,10,7,16,23,3,8,9,1
483,Chandler Parsons,ATL,5,54,31,5,18,14,3,3,1,6,7,4,0,0,1
484,Eric Paschall,GSW,60,1654,23,318,640,837,94,127,82,193,275,32,164,212,13
485,Anžejs Pasečņiks,WAS,27,437,24,61,116,156,24,18,42,65,107,9,34,58,12
486,Patrick Patterson,LAC,59,776,30,95,233,292,21,41,35,116,151,7,35,43,3
487,Justin Patton,OKC,5,24,22,4,10,9,2,2,1,4,5,0,0,0,0
488,Chris Paul,OKC,70,2208,34,434,887,1232,161,472,26,323,349,111,253,279,11
489,Cameron Payne,PHO,8,183,25,33,68,87,11,24,4,27,31,8,6,7,2
490,Elfrid Payton,NYK,45,1246,25,193,440,449,96,323,52,160,212,70,49,86,17
491,Gary Payton II,WAS,29,432,27,48,116,113,20,48,26,54,80,33,4,8,7
492,Norvel Pelle,PHI,24,232,26,25,48,57,18,8,20,52,72,3,7,14,31
493,Theo Pinson,BRK,33,365,24,45,155,120,33,56,10,44,54,17,15,16,4
494,Mason Plumlee,DEN,61,1057,29,177,288,437,82,154,98,219,317,33,83,155,38
495,Jakob Poeltl,SAS,66,1171,24,166,266,372,54,116,131,244,375,37,40,86,95
496,Vincent Poirier,BOS,22,130,26,17,36,41,8,8,13,30,43,2,6,7,9
497,Shamorie Ponds,TOR,4,11,21,3,5,9,0,2,0,1,1,0,2,2,1
498,Jordan Poole,GSW,57,1274,20,167,502,503,74,134,9,109,118,35,95,119,10
499,Kevin Porter Jr.,CLE,50,1162,19,186,421,498,93,109,22,140,162,46,73,101,14
500,Michael Porter Jr.,DEN,55,903,21,195,383,512,49,46,66,193,259,27,60,72,25
501,Otto Porter Jr.,CHI,14,331,26,62,140,167,11,25,13,35,48,15,19,27,6
502,Bobby Portis,NYK,66,1393,24,265,589,668,73,98,80,258,338,32,71,93,18
503,Kristaps Porziņģis,DAL,57,1814,24,398,932,1164,92,102,100,440,540,41,226,283,115
504,Dwight Powell,DAL,40,1061,28,146,229,376,36,59,75,152,227,34,74,111,22
505,Norman Powell,TOR,52,1479,26,296,598,830,77,91,26,164,190,60,129,153,21
506,Taurean Prince,BRK,64,1857,25,278,739,773,127,116,50,331,381,57,71,89,25
507,Chasson Randle,GSW,3,40,26,0,4,5,0,5,0,2,2,2,5,6,0
508,Julius Randle,NYK,64,2080,25,463,1006,1248,193,198,151,471,622,51,258,352,22
509,Josh Reaves,DAL,4,28,22,3,9,8,0,3,1,2,3,0,2,2,0
510,Cam Reddish,ATL,58,1551,20,213,554,610,96,87,35,181,216,62,101,126,28
511,J.J. Redick,NOP,60,1581,35,286,631,917,75,119,10,141,151,20,165,185,10
512,Naz Reid,MIN,30,495,20,100,243,269,22,35,34,90,124,19,37,53,22
513,Josh Richardson,PHI,55,1693,26,278,646,755,104,162,41,133,174,52,114,141,36
514,Austin Rivers,HOU,68,1594,27,211,501,596,50,113,27,148,175,49,78,111,10
515,Andre Roberson,OKC,7,87,28,8,29,20,2,4,7,20,27,1,1,2,3
516,Duncan Robinson,MIA,73,2166,25,323,687,983,70,102,10,222,232,35,67,72,19
517,Glenn Robinson III,TOT,62,1786,26,288,592,727,55,96,81,189,270,54,74,86,16
518,Glenn Robinson III,GSW,48,1516,26,244,507,619,50,85,66,160,226,45,63,74,14
519,Glenn Robinson III,PHI,14,270,26,44,85,108,5,11,15,29,44,9,11,12,2
520,Jerome Robinson,TOT,63,979,22,115,310,319,49,87,13,116,129,28,40,57,17
521,Jerome Robinson,LAC,42,476,22,46,136,122,26,46,5,55,60,13,11,19,8
522,Jerome Robinson,WAS,21,503,22,69,174,197,23,41,8,61,69,15,29,38,9
523,Justin Robinson,WAS,9,49,22,5,12,13,3,7,1,4,5,0,0,0,1
524,Mitchell Robinson,NYK,61,1412,21,253,341,590,37,36,186,242,428,52,84,148,119
525,Isaiah Roby,OKC,3,11,21,0,1,0,1,0,0,2,2,0,0,0,0
526,Rajon Rondo,LAL,48,984,33,137,328,342,91,240,23,119,142,40,27,41,2
527,Derrick Rose,DET,50,1298,31,369,753,904,126,278,27,94,121,40,121,139,16
528,Terrence Ross,ORL,69,1889,28,341,846,1016,70,82,13,209,222,77,157,184,24
529,Terry Rozier,CHO,63,2164,25,398,941,1134,141,259,50,226,276,61,166,190,10
530,Ricky Rubio,PHO,65,2016,29,287,692,847,173,570,46,258,304,94,195,226,11
531,D'Angelo Russell,TOT,45,1452,23,360,846,1039,147,285,17,160,177,48,161,199,13
532,D'Angelo Russell,GSW,33,1060,23,273,635,779,101,206,14,108,122,31,113,144,9
533,D'Angelo Russell,MIN,12,392,23,87,211,260,46,79,3,52,55,17,48,55,4
534,Domantas Sabonis,IND,62,2159,23,458,848,1147,170,310,189,582,771,47,214,296,30
535,Luka Šamanić,SAS,3,48,20,5,16,16,2,6,1,9,10,0,3,4,2
536,JaKarr Sampson,IND,34,471,26,68,115,156,15,21,20,68,88,16,18,27,12
537,Dario Šarić,PHO,66,1632,25,256,538,704,88,123,100,306,406,37,108,128,16
538,Tomáš Satoranský,CHI,65,1878,28,237,551,644,130,354,76,178,254,80,106,121,7
539,Admiral Schofield,WAS,33,368,22,35,92,99,7,15,7,40,47,8,10,15,4
540,Dennis Schröder,OKC,65,1999,26,453,965,1229,166,262,19,217,236,45,198,236,14
541,Mike Scott,PHI,68,1207,31,149,350,408,26,56,65,183,248,21,30,37,5
542,Thabo Sefolosha,HOU,41,436,35,37,91,92,15,25,21,72,93,24,3,8,12
543,Collin Sexton,CLE,65,2143,21,513,1086,1349,158,192,61,143,204,65,226,267,7
544,Landry Shamet,LAC,53,1452,22,158,391,492,42,99,6,94,100,20,65,76,10
545,Marial Shayok,PHI,4,28,24,3,12,11,3,1,1,6,7,0,3,4,1
546,Iman Shumpert,BRK,13,241,29,21,64,54,10,12,9,25,34,12,4,7,2
547,Pascal Siakam,TOR,60,2110,25,500,1104,1371,148,207,64,375,439,61,240,303,53
548,Chris Silva,MIA,44,346,23,48,78,133,32,23,60,66,126,9,37,55,21
549,Ben Simmons,PHI,57,2017,23,375,647,937,200,455,113,331,444,119,185,298,33
550,Anfernee Simons,POR,70,1449,20,214,536,579,61,97,25,127,152,26,76,92,10
551,Alen Smailagić,GSW,14,139,19,20,40,59,11,13,10,17,27,3,16,19,4
552,Marcus Smart,BOS,60,1919,25,256,682,776,103,291,42,183,225,101,127,152,29
553,Dennis Smith Jr.,NYK,34,537,22,72,211,187,58,98,21,57,78,28,27,53,8
554,Ish Smith,WAS,68,1787,31,308,689,740,95,334,30,189,219,59,62,86,30
555,J.R. Smith,LAL,6,79,34,7,22,17,4,3,0,5,5,1,2,2,0
556,Zhaire Smith,PHI,7,32,20,3,11,8,2,2,0,2,2,3,2,4,0
557,Tony Snell,DET,59,1641,28,170,382,474,31,127,9,102,111,32,32,32,15
558,Omari Spellman,GSW,49,886,22,127,295,370,54,47,77,142,219,33,73,92,24
559,Max Strus,CHI,2,6,23,2,3,5,0,0,1,0,1,0,1,1,0
560,Edmond Sumner,IND,31,447,24,61,142,152,22,55,11,35,46,15,16,29,9
561,Caleb Swanigan,TOT,27,288,22,28,47,65,37,31,27,73,100,3,9,17,7
562,Caleb Swanigan,SAC,7,23,22,2,4,5,6,2,2,5,7,1,1,2,2
563,Caleb Swanigan,POR,20,265,22,26,43,60,31,29,25,68,93,2,8,15,5
564,Jayson Tatum,BOS,66,2265,21,552,1226,1547,155,200,64,396,460,93,254,313,57
565,Jeff Teague,TOT,59,1464,31,213,489,641,116,308,27,115,142,44,172,197,19
566,Jeff Teague,MIN,34,945,31,145,324,448,76,208,15,73,88,25,125,144,13
567,Jeff Teague,ATL,25,519,31,68,165,193,40,100,12,42,54,19,47,53,6
568,Garrett Temple,BRK,62,1730,33,222,587,641,62,156,29,189,218,49,70,87,29
569,Daniel Theis,BOS,65,1566,27,241,426,601,54,111,140,286,426,37,87,114,84
570,Isaiah Thomas,WAS,40,925,30,174,426,488,77,146,11,57,68,13,62,76,6
571,Khyri Thomas,DET,8,61,23,5,17,17,3,3,1,0,1,3,2,4,0
572,Lance Thomas,BRK,7,98,31,8,23,24,6,6,2,11,13,0,4,4,0
573,Matt Thomas,TOR,41,440,25,73,150,202,16,22,9,52,61,10,9,12,1
574,Tristan Thompson,CLE,57,1721,28,288,562,684,103,120,226,351,577,33,99,161,50
575,Sindarius Thornwell,NOP,2,35,25,6,11,16,2,4,0,4,4,1,2,4,1
576,Matisse Thybulle,PHI,65,1287,22,112,265,305,51,79,44,63,107,94,25,41,47
577,Anthony Tolliver,TOT,55,872,34,65,182,200,34,42,34,120,154,19,21,29,11
578,Anthony Tolliver,POR,33,554,34,43,117,129,21,29,27,83,110,8,13,19,9
579,Anthony Tolliver,SAC,9,82,34,3,17,9,4,3,2,9,11,4,1,2,1
580,Anthony Tolliver,MEM,13,236,34,19,48,62,9,10,5,28,33,7,7,8,1
581,Juan Toscano-Anderson,GSW,13,272,26,29,63,69,16,26,9,43,52,13,3,5,5
582,Karl-Anthony Towns,MIN,35,1187,24,316,622,926,110,153,95,283,378,33,180,226,42
583,Gary Trent Jr.,POR,61,1332,21,196,441,541,21,61,25,75,100,48,37,45,16
584,Allonzo Trier,NYK,24,291,24,51,106,155,22,28,6,23,29,3,34,43,4
585,P.J. Tucker,HOU,72,2467,34,177,426,500,72,115,112,364,476,77,39,48,36
586,Rayjon Tucker,UTA,20,161,22,20,43,62,8,5,3,17,20,1,19,23,1
587,Evan Turner,ATL,19,251,31,25,67,62,26,38,8,30,38,9,12,14,8
588,Myles Turner,IND,62,1826,23,268,587,749,85,72,86,321,407,46,127,169,132
589,Jarrod Uthoff,TOT,7,53,26,7,18,19,0,0,2,4,6,1,2,2,0
590,Jarrod Uthoff,MEM,4,14,26,1,7,4,0,0,1,0,1,1,2,2,0
591,Jarrod Uthoff,WAS,3,39,26,6,11,15,0,0,1,4,5,0,0,0,0
592,Jonas Valančiūnas,MEM,70,1845,27,432,739,1044,127,131,213,575,788,30,148,200,76
593,Denzel Valentine,CHI,36,488,26,97,237,246,26,43,9,65,74,26,6,8,6
594,Jarred Vanderbilt,TOT,11,46,20,5,8,12,7,2,3,6,9,3,2,2,1
595,Jarred Vanderbilt,DEN,9,41,20,5,7,10,7,2,3,5,8,3,0,0,1
596,Jarred Vanderbilt,MIN,2,5,20,0,1,2,0,0,0,1,1,0,2,2,0
597,Fred VanVleet,TOR,54,1928,25,319,773,952,121,357,18,185,203,100,168,198,17
598,Gabe Vincent,MIA,9,83,23,8,37,22,1,6,0,5,5,5,0,0,0
599,Noah Vonleh,TOT,36,377,24,52,92,132,21,28,37,87,124,11,25,32,6
600,Noah Vonleh,MIN,29,347,24,47,86,119,19,26,34,82,116,11,23,28,6
601,Noah Vonleh,DEN,7,30,24,5,6,13,2,2,3,5,8,0,2,4,0
602,Nikola Vučević,ORL,62,1998,29,493,1033,1215,88,222,140,533,673,54,131,167,47
603,Dean Wade,CLE,12,71,23,9,13,20,3,2,3,16,19,2,0,1,4
604,Moritz Wagner,WAS,45,835,22,145,266,393,66,56,56,163,219,28,78,95,19
605,Dion Waiters,TOT,10,207,28,41,99,111,16,20,2,22,24,4,14,17,6
606,Dion Waiters,MIA,3,42,28,10,26,28,3,3,0,11,11,0,0,1,2
607,Dion Waiters,LAL,7,165,28,31,73,83,13,17,2,11,13,4,14,16,4
608,Kemba Walker,BOS,56,1742,29,378,889,1145,117,268,36,181,217,48,209,242,28
609,Lonnie Walker IV,SAS,61,988,21,152,357,389,44,68,23,116,139,32,44,61,14
610,Tyrone Wallace,ATL,14,160,25,14,44,40,10,13,3,19,22,7,11,17,1
611,Derrick Walton,TOT,26,248,24,18,39,53,5,27,2,14,16,7,7,9,0
612,Derrick Walton,LAC,23,222,24,17,36,50,4,22,2,13,15,4,7,9,0
613,Derrick Walton,DET,3,26,24,1,3,3,1,5,0,1,1,3,0,0,0
614,Brad Wanamaker,BOS,71,1369,30,162,362,487,76,179,22,122,144,61,126,136,14
615,T.J. Warren,IND,67,2202,26,534,997,1326,84,99,68,212,280,78,167,204,34
616,P.J. Washington,CHO,58,1759,21,268,589,710,93,123,58,258,316,51,88,136,44
617,Yuta Watanabe,MEM,18,105,25,15,34,36,2,5,7,13,20,5,3,8,1
618,Tremont Waters,BOS,11,119,22,14,49,40,15,16,0,12,12,10,8,8,2
619,Paul Watson,TOT,10,87,25,10,26,31,3,8,2,15,17,4,7,9,1
620,Paul Watson,ATL,2,17,25,0,7,0,0,3,0,2,2,1,0,0,0
621,Paul Watson,TOR,8,70,25,10,19,31,3,5,2,13,15,3,7,9,1
622,Quinndary Weatherspoon,SAS,11,78,23,5,17,12,5,11,1,6,7,3,1,2,1
623,Russell Westbrook,HOU,57,2049,31,604,1281,1553,255,401,100,351,451,93,290,380,20
624,Coby White,CHI,65,1674,19,312,792,859,109,175,28,202,230,49,102,129,6
625,Derrick White,SAS,68,1677,25,253,552,765,89,241,35,188,223,44,180,211,59
626,Hassan Whiteside,POR,67,2008,30,436,702,1040,120,78,258,647,905,26,164,239,196
627,Andrew Wiggins,TOT,54,1858,24,437,978,1175,132,198,66,208,274,45,190,268,53
628,Andrew Wiggins,MIN,42,1455,24,351,790,942,107,155,48,171,219,29,149,207,36
629,Andrew Wiggins,GSW,12,403,24,86,188,233,25,43,18,37,55,16,41,61,17
630,Grant Williams,BOS,69,1043,21,87,211,237,50,68,59,119,178,30,39,54,36
631,Johnathan Williams,WAS,15,180,24,19,34,45,5,8,24,40,64,1,7,13,8
632,Kenrich Williams,NOP,39,832,25,51,147,136,22,57,51,135,186,27,9,26,21
633,Lou Williams,LAC,65,1864,33,391,936,1185,182,365,31,170,201,43,292,339,12
634,Marvin Williams,TOT,58,1129,33,119,267,343,33,60,30,153,183,36,49,57,30
635,Marvin Williams,CHO,41,808,33,94,210,275,25,41,15,94,109,26,43,50,22
636,Marvin Williams,MIL,17,321,33,25,57,68,8,19,15,59,74,10,6,7,8
637,Robert Williams,BOS,29,388,22,64,88,150,21,27,40,88,128,22,22,34,35
638,Nigel Williams-Goss,UTA,10,50,25,5,16,14,3,6,2,4,6,3,2,2,1
639,Zion Williamson,NOP,24,668,19,210,360,540,59,50,64,86,150,16,114,178,9
640,D.J. Wilson,MIL,37,363,23,52,132,133,19,25,12,80,92,3,11,18,5
641,Justise Winslow,MIA,11,352,23,50,129,124,24,44,16,57,73,7,18,27,5
642,Christian Wood,DET,62,1325,24,288,508,810,84,60,104,286,390,34,180,242,54
643,Delon Wright,DAL,73,1570,27,190,411,504,73,244,70,210,280,85,77,100,22
644,Justin Wright-Foreman,UTA,4,45,22,7,20,19,3,7,0,5,5,2,3,4,0
645,Thaddeus Young,CHI,64,1591,31,269,601,659,102,117,94,221,315,92,42,72,23
646,Trae Young,ATL,60,2120,21,546,1249,1778,289,560,32,223,255,65,481,559,8
647,Cody Zeller,CHO,58,1341,27,251,479,642,75,88,160,251,411,40,122,179,25
648,Tyler Zeller,SAS,2,4,30,1,4,2,0,0,3,1,4,0,0,0,0
649,Ante Žižić,CLE,22,221,23,41,72,96,10,6,18,48,66,7,14,19,5
650,Ivica Zubac,LAC,72,1326,22,236,385,596,61,82,197,346,543,16,124,166,66
